,Close,High,Low,Open,Volume
2025-01-10,70.80680847167969,71.27800640671842,70.29635090737173,71.27800640671842,1629100
2025-01-13,72.21057891845703,72.2400273862625,70.49268172838927,70.6301129044397,1130400
2025-01-14,74.4683837890625,74.48801360290881,72.64250403444713,72.9468148304041,1649700
2025-01-15,75.67581939697266,77.059957255991,75.43040552036122,76.58875931754469,1707200
2025-01-16,76.12739562988281,76.18629256992348,74.69417184709751,75.21445561206261,1437000
2025-01-17,76.76545715332031,77.16793950350753,76.29426670710374,76.77527580536898,1659200
2025-01-21,77.22684478759766,78.29685329349114,76.74583563732006,77.43299156628805,1376800
2025-01-22,77.14830017089844,77.24647170992962,76.52004126617084,76.83417071853464,1183600
2025-01-23,77.98271942138672,78.07106482610713,77.10904657955427,77.47225434043266,1446500
2025-01-24,77.79619598388672,78.66005010113828,77.59986788569583,77.97289426803327,1205300
2025-01-27,80.34850311279297,80.67245123306213,77.93363142334861,78.10051106490401,1372700
2025-01-28,78.92510986328125,80.2797918629076,78.61098037831988,80.01474815255551,1490600
2025-01-29,78.22813415527344,79.622083256256,78.12015144426685,78.99382429554731,1280100
2025-01-30,79.61226654052734,79.95584449779942,78.37537840491014,78.72877501508648,1152500
2025-01-31,77.8256607055664,79.22942862021135,77.75694510790288,79.0919974248843,1330700
2025-02-03,76.21574401855469,76.94216710205171,74.65491513097399,76.18629554738347,1797900
2025-02-04,75.87215423583984,76.90288801367407,75.78380134663286,75.98013693962777,1392000
2025-02-05,76.34334564208984,76.62802663844167,75.39114608945573,76.62802663844167,1606800
2025-02-06,76.02922058105469,76.98142767826108,75.9408751750562,76.67711684946063,1677800
2025-02-07,75.83289337158203,76.29427269137612,75.05738456652524,75.8034449025633,1828800
2025-02-10,76.15684509277344,77.05014781593425,75.85252675657395,76.41207016256907,2726200
2025-02-11,77.20720672607422,77.49188772037151,75.7543532878393,76.60839627073115,2377000
2025-02-12,75.31261444091797,75.65619238300589,74.14444194838163,74.24260600477282,2026900
2025-02-13,76.19609832763672,76.32371083927367,75.36168520794098,75.93104716343508,1426000
2025-02-14,76.95197296142578,77.7078518798586,76.5004123365217,76.5004123365217,1292900
2025-02-18,75.88197326660156,77.2562849772402,75.72490479142165,77.2562849772402,1070500
2025-02-19,75.25371551513672,75.9997683155329,74.36040539989132,74.97884567929697,1451100
2025-02-20,74.88068389892578,75.40096014033178,74.56655442358043,74.93958083510384,997700
2025-02-21,73.75702667236328,75.34394174725962,73.41204676912449,75.17637363425973,1196900
2025-02-24,72.98822021484375,74.11187346355854,72.92907542491227,73.74717608564282,1689200
2025-02-25,74.99896240234375,75.61007509676111,73.15578064079236,73.55004665267457,1497300
2025-02-26,74.93982696533203,75.61007694592419,74.7525489131081,75.10738758048035,1505500
2025-02-27,73.63874816894531,75.26509067104053,73.55989346726837,74.50612732739691,1159500
2025-02-28,74.10201263427734,74.50612983397025,73.01778676973721,73.93445202757538,1811700
2025-03-03,72.87979888916016,75.11724673015595,72.59395620991418,74.54556137166401,1977300
2025-03-04,71.46044158935547,73.02763938840543,70.90847368830623,71.97298213747283,2259900
2025-03-05,72.52495574951172,74.0823023114824,71.63785913066776,71.86456452437173,1361600
2025-03-06,73.08678436279297,73.49090157137013,71.57872382932446,72.38696576647746,1884800
2025-03-07,74.12171936035156,74.63426739643808,72.7417996939606,72.97835627677074,2928800
2025-03-10,72.8502197265625,75.26508655331591,72.71222024617862,73.92458677813916,1975800
2025-03-11,70.3663558959961,73.44162169708126,70.25793255711179,72.63337977448816,2105000
2025-03-12,70.11007690429688,70.99717346875404,69.44968571964465,70.40577826578193,1581200
2025-03-13,68.21761322021484,70.3564962968785,68.07962124881709,70.10022978999606,1583800
2025-03-14,69.30184173583984,69.41026507752859,68.22747455728619,69.1441398424736,2231600
2025-03-17,70.07064819335938,70.32692220033407,69.09484575141441,69.46940180468461,2520100
2025-03-18,69.66653442382812,70.39592161153706,69.35112313833251,69.85381245959053,2017100
2025-03-19,70.58319854736328,70.72119051261731,69.30183599000651,69.6369647056221,2160300
2025-03-20,69.4004135131836,70.64234129688873,69.33141000520129,69.98195005190286,2666600
2025-03-21,68.60202026367188,68.7301610366691,67.5375043279946,68.47388701067307,6155200
2025-03-24,69.76509857177734,70.20865062402405,68.92728805530889,69.36098138995061,2182000
2025-03-25,69.38068389892578,70.20864312940456,68.94699061057987,69.50881713412008,2049100
2025-03-26,69.4004135131836,70.1495106627204,68.88786544244927,69.33141000520129,1612000
2025-03-27,69.44969177246094,69.75524435796042,68.96671985860723,69.73553444147602,1984300
2025-03-28,67.68535614013672,69.87352531534404,67.48822689840573,69.87352531534404,1142700
2025-03-31,68.54288482666016,68.94700203229405,66.86725617501125,67.32066697157408,1896400
2025-04-01,68.83857727050781,68.98642796024656,67.59664952469858,68.5921619609427,1530400
2025-04-02,70.04108428955078,70.20865241311306,67.82334653179835,68.18804389249482,1197600
2025-04-03,63.23017120361328,66.87711485015117,62.2149375510912,66.83768749743201,4439000
2025-04-04,62.01780319213867,63.76242779184036,59.42551684749534,61.24898863091357,4248600
2025-04-07,60.08590698242188,63.12174534045721,58.97211251262244,60.32246732928143,3316200
2025-04-08,57.887882232666016,61.11099483057529,56.98107572707641,61.11099483057529,2732500
2025-04-09,62.85562133789063,63.46673028900717,56.44882290973492,57.1683552050817,4300200
2025-04-10,60.81529998779297,61.564400884758,58.43985652136536,61.26870326121915,2713100
2025-04-11,61.051856994628906,61.6432560056969,58.81440548675352,60.470316701745,2489900
2025-04-14,61.51511764526367,62.13608527731787,60.57873871819764,62.13608527731787,1761900
2025-04-15,60.98286056518555,62.30364679232869,60.78572756292552,61.48554990894859,2527300
2025-04-16,60.007057189941406,61.40669434234843,59.52408152918171,60.913863723613694,2054000
2025-04-17,60.697021484375,61.14056603817826,60.076053845051455,60.39146514375564,1742400
2025-04-21,59.18895721435547,60.194332138922285,58.65669923782023,59.80006613556301,3023500
2025-04-22,60.54917144775391,60.76601812795727,59.63250617598428,59.7704981506594,4445100
2025-04-23,58.469425201416016,64.52138469057145,55.73914308060824,58.144158943268856,5723000
2025-04-24,59.43537139892578,59.57336336948394,58.07515784913965,59.19881480939727,3216100
2025-04-25,59.55364990234375,59.95777461753599,58.92282731472529,59.19881501680777,2892900
2025-04-28,59.61279296875,60.7857285227187,59.238240634541775,59.66207528009335,2343400
2025-04-29,59.59307861328125,60.38160686578925,59.08053430915123,59.32694962305993,2910300
2025-04-30,59.74092864990234,59.80006591819179,58.203295754389536,59.11010605481994,3164700
2025-05-01,59.43537139892578,60.42103262862604,59.13967378201554,59.70150038214476,1896200
2025-05-02,61.37712478637695,61.781245737268506,59.96762893717003,60.18447560935546,2613100
2025-05-05,60.87443542480469,61.60382638358598,60.50974182541363,60.99271747866058,2093300
2025-05-06,59.69164657592773,60.79558612169147,59.66207418166671,60.253473186896734,1245500
2025-05-07,59.55364990234375,59.88877487201596,59.10024663749288,59.79021025270028,2513600
2025-05-08,60.82515335083008,61.35741131524161,59.72121383056847,60.263326752839845,2203500
2025-05-09,61.20956039428711,61.68268108973981,60.92372149745004,61.18985047864249,2510900
2025-05-12,68.1683349609375,68.46402882090779,65.46761774921838,65.62532715720131,5885500
2025-05-13,67.09395599365234,68.91742766645217,66.80811335002457,68.58230647599078,2881700
2025-05-14,65.68446350097656,67.00525345425466,65.53661281307254,66.81797541490965,2669000
2025-05-15,66.25615692138672,66.46314490177197,64.73823754522887,65.51691091143968,1915600
2025-05-16,66.6898422241211,66.7391207734689,65.84217296735585,66.25614887786956,1678700
2025-05-19,65.77317810058594,65.93087998917797,64.99450481566684,64.99450481566684,1296700
2025-05-20,64.955078125,65.70418278343664,64.77765879852814,65.55633209137697,1326100
2025-05-21,62.10651779174805,64.0778441813666,61.90938853678576,63.97927955388546,2382000
2025-05-22,61.78124237060547,62.14593595031738,61.26869811155144,61.75167373873664,2185100
2025-05-23,61.20672225952149,61.444454617070754,60.57276426780649,60.75106542531229,1678100
2025-05-27,62.89067459106445,62.96991744949347,61.35530311577405,61.97935715766103,2047900
2025-05-28,61.999168395996094,63.6236904376692,61.90011387896043,63.554351520006726,1494200
2025-05-29,62.85105514526367,62.9600173886693,61.77134420948915,62.69256563995218,1754500
2025-05-30,61.83077621459961,62.345868058217626,61.48408159807207,62.345868058217626,3116200
2025-06-02,60.75106430053711,61.19681340736111,59.56239119873534,61.19681340736111,2342700
2025-06-03,61.98926544189453,62.15765887927148,60.62229116866844,61.0185130218018,1686000
2025-06-04,62.761905670166016,63.14822361001367,62.19728656135975,62.25671776522066,1280000
2025-06-05,62.7222785949707,62.98973033240347,62.18737512010518,62.81142917411496,1931000
2025-06-06,62.593505859375,63.75246340978168,62.33596183633339,63.2175599249786,1509400
2025-06-09,63.11850357055664,63.47510588340304,62.444922263777386,63.47510588340304,1965800
2025-06-10,64.69348907470703,64.85198234608251,63.257179700398666,63.613782003618354,2067500
2025-06-11,63.25718307495117,65.65433725207164,63.21755975499354,65.34726596911939,1578100
2025-06-12,63.22746658325195,63.65340782007426,62.157659631599344,63.08878496535469,1668600
2025-06-13,61.29587173461914,62.49444877729245,60.98879668473533,61.87039473725847,1762700
2025-06-16,61.90011596679688,62.10813272680055,61.01851410921838,62.02888608754901,1908500
2025-06-17,60.54304504394531,61.97935824811001,60.26568936653254,61.137383496714,2779800
2025-06-18,60.32512664794922,61.28596761509797,60.15672942402988,60.57276673471635,2520500
2025-06-20,60.61238479614258,61.27606217738371,60.55295359513048,60.66191583523632,5148300
2025-06-23,62.35577392578125,62.51426342844163,60.09729378951104,60.186444370925486,3147000
2025-06-24,63.17793655395508,63.34633377474812,62.56379020820678,62.85105361040871,2584200
2025-06-25,62.593505859375,63.177936604914414,62.306246235629146,63.06897436408181,1452400
2025-06-26,63.1383171081543,63.33642615123962,62.5736942435602,63.10859772874127,2263600
2025-06-27,63.56425476074219,64.1288738483096,62.99963567317478,63.41566919930328,2796100
2025-06-30,63.7524642944336,63.91095001951396,63.16803354078441,63.88123441839737,1910800
2025-07-01,66.46659088134766,67.89300005150591,63.08878059941728,63.19774283088075,3292600
2025-07-02,66.6448974609375,66.86282194163105,65.83263829668233,66.70432866208101,2320800
2025-07-03,65.75338745117188,66.94206429964017,65.55527842178134,66.52603080349503,1335800
2025-07-07,64.68359375,65.92179418505071,64.20812145769521,65.49585293309825,1436000
2025-07-08,64.93122863769531,66.01093570306254,64.55481089886078,64.75292748703029,2001700
2025-07-09,66.25858306884766,66.47650756115168,64.74302689993901,65.36707721732023,1599400
2025-07-10,66.8628158569336,67.843468373437,66.31800470477901,66.36753573947483,1402100
2025-07-11,65.2283935546875,65.9911292097629,64.91141456432993,65.90197485386923,1808000
2025-07-14,65.28783416748047,65.44631988847803,64.26755069204887,64.99066304921877,1724600
2025-07-15,63.83171081542969,67.06093208694426,63.78217977541156,66.08027946506564,2078100
2025-07-16,64.36660766601562,64.673678921796,63.24726975904223,63.98028221995742,1418400
2025-07-17,65.25811004638672,65.41660332242002,64.48547421916282,64.54491297636298,1216200
2025-07-18,64.94113159179688,65.70386726364372,64.55481367497201,65.70386726364372,1654000
2025-07-21,64.51519012451172,65.37698031292818,64.42604332435246,65.28783351276893,1678200
2025-07-22,66.08027648925781,66.26848536400027,63.61378346641725,63.70293026558453,2262500
2025-07-23,67.21942138671875,67.69488609027124,66.27839214113034,66.91235011745046,3402100
2025-07-24,66.7934799194336,67.25904445977268,66.03075182980108,67.20951342286952,3028100
2025-07-25,67.11046600341797,67.39772942160923,66.58547020917655,67.30857505723044,1590500
2025-07-28,66.8628158569336,67.71469826355266,66.41706677417064,66.99158596681794,1866500
2025-07-29,66.0208511352539,67.21942829355666,65.56519426529074,66.86282595056359,3194100
2025-07-30,65.10953521728516,66.08028012944501,64.57463172068911,65.94160228485075,4454400
2025-07-31,67.48686981201172,72.00382987175139,67.19960642113324,70.98355398260989,5236400
2025-08-01,68.18026733398438,68.3882840903166,66.3675401693209,67.20951491372527,4104900
2025-08-04,68.8043212890625,69.14111573929267,67.8236686545664,68.51705787948774,3214800
2025-08-05,69.29959869384766,70.08214224916865,68.6458328161288,68.69535629742734,2334900
2025-08-06,68.67554473876953,69.75525179618911,68.3981890747489,69.48780385084781,2437800
2025-08-07,68.69535827636719,69.94346642462676,68.46753362960493,69.39865521302022,2663600
2025-08-08,68.94410705566406,69.35205639898057,68.66550602289985,68.93415484983426,1435700
2025-08-11,68.5560531616211,69.59086239927035,67.96899449034406,69.21275449838758,2155400
2025-08-12,70.85452270507812,71.03362445867974,68.91426003381815,69.14310763539804,3031400
2025-08-13,74.26740264892578,74.36690193888504,70.97392832602625,71.20277593380162,2584300
2025-08-14,73.20274353027344,73.32214723174702,72.5161855315913,73.17289450273233,2144400
2025-08-15,73.15299224853516,73.8395502674741,72.6057423477469,73.31219718853059,2377000
2025-08-18,72.68534088134766,73.38184347783402,72.68534088134766,73.14304367208283,1612600
2025-08-19,74.10820007324219,75.03355782804587,73.01368518700549,73.26243719000315,1928300
2025-08-20,72.65548706054688,74.34700536062452,72.64554244543487,73.66044735243406,2418600
2025-08-21,71.958984375,72.26743445200867,71.44158351118134,72.00873781575396,1424000
2025-08-22,75.20271301269531,76.02857154654852,71.9589845245732,72.40673512705256,2447900
2025-08-25,74.12809753417969,74.93405160164123,73.91914676081221,74.56590349245941,1776500
2025-08-26,73.88929748535156,74.65545031844577,73.80969502205876,74.03855020619838,2713500
2025-08-27,74.16790008544922,74.52610358654005,73.55099236883525,73.60074580727355,2237200
2025-08-28,73.18284606933594,74.47635199643568,72.66543762544877,74.35695588731485,1498200
2025-08-29,73.02364349365234,73.59079780421915,72.66543997210391,73.27239551743268,1098500
2025-09-02,72.0186767578125,72.24753193942043,71.17292147078159,71.7997813731419,2277400
2025-09-03,71.96893310546875,72.1281304438359,71.2923273369634,71.75003012281866,1149100
2025-09-04,73.61070251464844,73.64055154301319,72.09828595282045,72.53609194566161,1760800
2025-09-05,75.69026184082031,75.89921261975859,74.55595327440741,74.71515061446607,2806500
2025-09-08,75.42161560058594,75.72011347019644,73.8893022443959,75.50121047769655,2319800
2025-09-09,73.08333587646484,75.08330411796194,72.63558530494416,74.79475088182087,3140500
2025-09-10,72.80474090576172,73.54105236601697,72.6654403789695,73.12314319433098,1975100
2025-09-11,74.8445053100586,75.0435038797447,72.80473580988615,73.10324125572416,1694800
2025-09-12,73.26244354248047,74.65545639831524,73.17289645746497,74.28730826039467,1639600
2025-09-15,73.09329223632812,73.83954829214713,72.70523969460697,73.75000120927724,1487400
2025-09-16,72.93408966064453,73.70024248282309,72.7052344797655,73.43159366217333,2082500
2025-09-17,72.10823822021484,75.16291278350339,71.42168020200913,73.34204613862437,2772000
2025-09-18,72.6256332397461,72.92413868221004,72.06843117787604,72.49628493004305,2902700
2025-09-19,71.87937927246094,72.72513459512278,71.67042849330747,72.72513459512278,4819600
2025-09-22,70.67542266845703,72.13808575985247,70.67542266845703,71.66047854154223,3003500
2025-09-23,71.2226791381836,71.2724249866646,70.36697159469568,70.88437244849091,3548700
2025-09-24,71.2226791381836,71.61073167635728,70.615723611028,70.74507192664954,2548900
2025-09-25,70.128173828125,71.39183076774026,69.90927083276425,70.53612319931696,1868800
2025-09-26,70.08837127685547,70.4863684340616,69.38191645411266,70.35702011710053,1720900
2025-09-29,69.69036102294922,70.74506707058245,68.83465353819861,70.65551999467785,2302600
2025-09-30,70.03861236572266,70.1978172892167,69.19285708575916,69.85951062244615,1821100
2025-10-01,69.86946868896484,70.39682175748565,69.35206023551518,69.49136075960335,1597200
2025-10-02,70.64556884765625,70.7052668991538,69.49135590997905,69.83961478720458,1761300
2025-10-03,70.0286636352539,71.302280312482,69.98886240240532,70.67542038425286,1502200
2025-10-06,68.44660186767578,70.36696762919216,68.22769889103007,70.16796147255577,1852600
2025-10-07,68.18790435791016,68.70531282468198,67.98890577303447,68.32720488558502,1895600
2025-10-08,68.46649932861328,68.64560107560831,67.60084721089459,68.27745296717484,1269100
2025-10-09,67.06354522705078,68.47645486012888,66.76503977045834,68.46650265389337,1484100
2025-10-10,64.76506805419922,67.82969456239267,64.6456719508337,67.50134009552008,2261800
2025-10-13,65.66057586669922,65.8595820217034,65.12327063515083,65.64067904685311,2105300
2025-10-14,67.7898941040039,68.0983517542699,65.08347864896544,65.24267598570474,1968400
2025-10-15,67.1729965209961,68.57595394364655,66.82474521688492,67.93914939004067,1547000
2025-10-16,67.69039916992188,67.77995384553158,66.83469160494116,67.49140058838141,1748100
2025-10-17,67.53119659423828,68.06850183236695,66.99389135610961,67.75009198046075,1802400
2025-10-20,68.36700439453125,68.60580420861417,67.54114586466251,67.81975450428668,1472300
2025-10-21,69.82966613769531,70.15802062027113,67.66054825755089,67.84960221866588,1437900
2025-10-22,68.63565826416016,70.03861565971833,68.59585703141475,69.51126261063231,1413000
2025-10-23,69.14310455322266,69.30230947879792,68.04859725947306,68.73515521622622,1306200
2025-10-24,67.79985046386719,70.09831671639766,67.68044676051537,69.76001761053139,2203000
2025-10-27,67.97895050048828,68.96400635642202,67.74015069114566,67.90930023979213,1976400
2025-10-28,68.0884017944336,68.92420492032988,67.46154945001138,67.9889025067758,4224900
2025-10-29,64.89442443847656,67.66054552626444,63.66061282055676,64.17801744770672,4483800
2025-10-30,64.66557312011719,66.25758453296928,64.37701986539568,64.68547753288928,3033500
2025-10-31,64.43672180175781,64.85462335019578,63.98896363588104,64.23771564204299,2536900
2025-11-03,63.38201522827149,64.27752021967349,62.76511128366282,64.01881599423288,3485700
2025-11-04,62.685508728027344,63.3820151396919,62.20790530748283,62.50640697086633,2795400
2025-11-05,63.09346008300781,64.15812218487072,61.20294327620818,61.82979940834872,4508600
2025-11-06,61.78999710083008,63.41186125136081,61.71039843222693,63.1332602177682,2838400
2025-11-07,61.9900016784668,62.47999954223633,61.400001525878906,61.59000015258789,3024500
2025-11-10,61.470001220703125,62.25,61.0099983215332,62.08000183105469,2322300
2025-11-11,61.93000030517578,62.22999954223633,61.41999816894531,62.0,1787700
2025-11-12,62.52000045776367,62.7400016784668,61.84999847412109,62.0,1673400
2025-11-13,61.79999923706055,63.04999923706055,61.59999847412109,62.18999862670898,1743700
2025-11-14,60.75,62.04999923706055,60.63999938964844,61.52000045776367,2373800
2025-11-17,59.36000061035156,60.869998931884766,59.22999954223633,60.66999816894531,2465800
2025-11-18,59.09000015258789,59.59999847412109,58.290000915527344,58.9900016784668,2655600
2025-11-19,59.43999862670898,59.900001525878906,58.709999084472656,59.290000915527344,2516500
2025-11-20,60.09999847412109,60.619998931884766,59.59999847412109,59.95000076293945,2817300
2025-11-21,62.2400016784668,63.290000915527344,60.400001525878906,60.59000015258789,3104400
2025-11-24,61.7400016784668,62.66999816894531,61.709999084472656,62.040000915527344,3310700
2025-11-25,63.34000015258789,63.709999084472656,61.95000076293945,62.4900016784668,4157700
2025-11-26,64.41999816894531,64.88999938964844,62.880001068115234,62.970001220703125,2880400
2025-11-28,64.87000274658203,65.05999755859375,64.16000366210938,64.75,829500
2025-12-01,64.7699966430664,65.43000030517578,63.5099983215332,63.9900016784668,1870500
2025-12-02,64.2699966430664,64.73999786376953,63.66999816894531,64.72000122070312,2652000
2025-12-03,64.62000274658203,65.37999725341797,64.12999725341797,64.38999938964844,1643000
2025-12-04,64.4000015258789,65.44000244140625,64.22000122070312,64.7300033569336,2775300
2025-12-05,63.20000076293945,65.06999969482422,62.63999938964844,63.70000076293945,4281700
2025-12-08,62.459999084472656,62.540000915527344,61.63999938964844,62.2599983215332,2969800
2025-12-09,61.11000061035156,62.7599983215332,61.02000045776367,62.040000915527344,2500400
2025-12-10,63.43999862670898,63.790000915527344,61.36000061035156,61.560001373291016,3002700
2025-12-11,64.69000244140625,65.0,63.77000045776367,63.77000045776367,2706100
2025-12-12,63.93999862670898,65.16999816894531,63.66999816894531,64.7300033569336,1744900
2025-12-15,64.91999816894531,65.0,62.7400016784668,64.97000122070312,2989500
2025-12-16,64.7699966430664,65.3499984741211,64.19999694824219,64.88999938964844,2414500
2025-12-17,65.11000061035156,65.6500015258789,64.0,64.12999725341797,2700900
2025-12-18,65.11000061035156,66.2300033569336,64.88999938964844,65.86000061035156,2467800
2025-12-19,64.12000274658203,65.16000366210938,63.88999938964844,64.69000244140625,5390700
2025-12-22,64.26000213623047,64.62999725341797,63.61000061035156,64.31999969482422,2733400
2025-12-23,64.06999969482422,64.62999725341797,63.15999984741211,64.30999755859375,1808600
2025-12-24,64.75,65.05999755859375,64.01000213623047,64.2300033569336,1073200
2025-12-26,64.73999786376953,65.08000183105469,64.37999725341797,64.55000305175781,1014900
2025-12-29,64.5999984741211,65.02999877929688,63.959999084472656,64.97000122070312,1850500
2025-12-30,64.19999694824219,65.0,64.18000030517578,64.27999877929688,1018000
2025-12-31,63.459999084472656,64.12999725341797,63.34999847412109,63.88999938964844,968200
2026-01-02,64.47000122070312,64.87999725341797,63.0,63.65999984741211,1364800
2026-01-05,63.790000915527344,65.6500015258789,63.720001220703125,63.959999084472656,2346600
2026-01-06,66.02999877929688,66.23999786376953,63.11000061035156,63.13999938964844,2513000
2026-01-07,64.30000305175781,66.37000274658203,63.70000076293945,66.37000274658203,2689300
2026-01-08,67.22000122070312,68.08000183105469,63.709999084472656,63.7400016784668,3209900
2026-01-09,69.31999969482422,69.51000213623047,66.62000274658203,67.97000122070312,3013100
2026-01-12,69.55000305175781,69.8949966430664,68.51499938964844,68.94000244140625,1980741
2026-01-13,69.8499984741211,70.22000122070312,69.20999908447266,69.62999725341797,1750600
2026-01-14,70.06999969482422,71.18000030517578,69.08999633789062,69.7300033569336,1801500
2026-01-15,71.20999908447266,71.4000015258789,70.08999633789062,70.56999969482422,1622300
2026-01-16,70.47000122070312,71.58000183105469,70.44999694824219,71.11000061035156,2096424
2026-01-20,68.16000366210938,70.13999938964844,68.13999938964844,69.23999786376953,2555800
2026-01-21,70.18000030517578,71.05999755859375,68.52999877929688,68.68000030517578,2249600
2026-01-22,69.9000015258789,70.95500183105469,69.30999755859375,70.56999969482422,1650401
2026-01-23,68.7300033569336,69.94999694824219,68.37999725341797,69.8499984741211,1590500
2026-01-26,68.58999633789062,68.83000183105469,67.7699966430664,68.56999969482422,1830100
2026-01-27,67.16999816894531,68.37000274658203,67.05999755859375,68.05999755859375,1625200
2026-01-28,66.4800033569336,67.75,66.06999969482422,67.2300033569336,2441954
2026-01-29,66.27999877929688,67.05999755859375,65.41999816894531,66.87000274658203,2791600
2026-01-30,66.08999633789062,66.16000366210938,65.0999984741211,65.5999984741211,1903670
2026-02-02,66.56999969482422,67.12000274658203,65.98999786376953,66.30000305175781,2452300
2026-02-03,68.05000305175781,69.25,65.98999786376953,66.08999633789062,2824100
2026-02-04,71.41000366210938,71.62000274658203,68.83000183105469,68.66999816894531,3090696
2026-02-05,71.11000061035156,71.83000183105469,70.27999877929688,70.94999694824219,3238700
2026-02-06,72.87000274658203,73.29000091552734,71.38999938964844,71.5999984741211,2995300
2026-02-09,71.61000061035156,73.70999908447266,71.33999633789062,72.95999908447266,4762600
2026-02-10,77.81999969482422,79.19000244140625,75.4000015258789,77.18499755859375,6919538
2026-02-11,76.4800033569336,77.0,75.31999969482422,76.87999725341797,5039600
2026-02-12,77.54000091552734,78.77999877929688,76.63999938964844,77.25,4569000
2026-02-13,76.19000244140625,76.625,74.9749984741211,75.72000122070312,2134226
2026-02-17,76.16999816894531,76.8499984741211,75.02999877929688,76.25,2067600
2026-02-18,76.72000122070312,77.8499984741211,75.88999938964844,76.43000030517578,2852200
2026-02-19,75.06999969482422,76.91999816894531,75.0,76.30000305175781,2005213
2026-02-20,75.1500015258789,76.83000183105469,74.23999786376953,74.97000122070312,3092500
2026-02-23,73.81999969482422,75.44000244140625,73.43000030517578,75.1500015258789,2110100
2026-02-24,73.87999725341797,75.4000015258789,73.77999877929688,74.18000030517578,2330300
2026-02-25,71.86000061035156,73.95999908447266,70.8499984741211,73.76000213623047,1476201
2026-02-26,72.4000015258789,72.7699966430664,70.91999816894531,72.45999908447266,2301200
2026-02-27,71.62000274658203,72.28500366210938,70.82499694824219,71.47000122070312,1136435
2026-03-02,69.80000305175781,72.2300033569336,69.31999969482422,72.2300033569336,2157500
2026-03-03,68.02999877929688,68.88999938964844,66.91999816894531,67.80999755859375,2592300
2026-03-04,68.44000244140625,68.62999725341797,67.19999694824219,68.22000122070312,1418479
2026-03-05,65.30000305175781,68.5199966430664,64.97000122070312,67.58999633789062,3258600
2026-03-06,63.65999984741211,64.0,62.2599983215332,63.36000061035156,2378500
2026-03-09,64.23999786376953,64.2699966430664,61.29999923706055,62.25,3109800
2026-03-10,63.470001220703125,65.13999938964844,63.087501525878906,63.86000061035156,2203973
2026-03-11,62.4900016784668,63.81999969482422,62.22999954223633,63.18000030517578,1595700
2026-03-12,60.65999984741211,62.40999984741211,60.5099983215332,61.869998931884766,2389500
2026-03-13,61.52000045776367,62.084999084472656,61.0099983215332,61.290000915527344,1784757
2026-03-16,62.09999847412109,62.68999862670898,61.75,61.95000076293945,1957856
2026-03-17,61.75,62.900001525878906,61.34000015258789,62.540000915527344,2061300
2026-03-18,59.91999816894531,62.15999984741211,59.72999954223633,61.20000076293945,2460100
2026-03-19,59.720001220703125,59.83000183105469,58.45000076293945,59.220001220703125,2316580
2026-03-20,58.84000015258789,60.040000915527344,58.16469955444336,59.75,7324209
2026-03-23,60.08000183105469,61.34000015258789,59.709999084472656,60.09999847412109,2685500
2026-03-24,60.369998931884766,60.959999084472656,58.90999984741211,59.22999954223633,2397000
2026-03-25,61.52000045776367,61.68000030517578,59.959999084472656,61.290000915527344,1658191
2026-03-26,60.18999862670898,61.63999938964844,59.95000076293945,60.65999984741211,1651200
2026-03-27,59.5,60.65999984741211,59.380001068115234,59.90999984741211,2041100
2026-03-30,58.59999847412109,60.130001068115234,58.45000076293945,60.130001068115234,2405000
2026-03-31,60.369998931884766,61.31999969482422,58.83000183105469,59.77000045776367,1652202
2026-04-01,60.68999862670898,61.310001373291016,60.0099983215332,60.619998931884766,2099300
2026-04-02,59.119998931884766,61.06999969482422,58.40999984741211,59.040000915527344,2056100
2026-04-06,59.68999862670898,59.77999877929688,58.52000045776367,58.869998931884766,1448800
2026-04-07,59.09999847412109,59.71500015258789,58.77000045776367,59.11000061035156,2599990
2026-04-08,62.22999954223633,63.040000915527344,61.540000915527344,61.790000915527344,2954500
2026-04-09,63.41999816894531,63.88999938964844,61.560001373291016,61.59999847412109,2727500
2026-04-10,62.970001220703125,63.77000045776367,62.65999984741211,63.61000061035156,1446629
2026-04-13,64.30999755859375,64.37000274658203,62.02999877929688,63.20000076293945,2177260
2026-04-14,64.91000366210938,65.44999694824219,63.77999877929688,64.26000213623047,2963900
2026-04-15,63.16999816894531,65.04000091552734,62.81999969482422,64.72000122070312,3246000
2026-04-16,63.72999954223633,64.38999938964844,63.25,63.59999847412109,2134378
2026-04-17,66.58000183105469,67.83999633789062,64.86000061035156,65.05999755859375,3074500
2026-04-20,66.68000030517578,66.73999786376953,65.02999877929688,65.63999938964844,3906900
2026-04-21,66.76000213623047,67.70999908447266,65.51000213623047,66.31999969482422,6209300
2026-04-22,73.95999908447266,76.08999633789062,72.94499969482422,74.16999816894531,7748879
2026-04-23,75.4000015258789,76.05999755859375,74.3499984741211,74.86000061035156,6178400
2026-04-24,74.18000030517578,75.55000305175781,73.45999908447266,75.22000122070312,4076600
2026-04-27,74.23999786376953,75.44000244140625,74.01000213623047,74.48999786376953,2890500
2026-04-28,74.33999633789062,74.9800033569336,73.28500366210938,74.5199966430664,2929554
2026-04-29,71.26000213623047,74.20999908447266,71.08999633789062,73.97000122070312,2612600
2026-04-30,71.81999969482422,72.38999938964844,70.80000305175781,71.2300033569336,2885400
2026-05-01,71.23999786376953,72.80999755859375,71.13500213623047,72.20999908447266,1384743
2026-05-04,68.48999786376953,70.93000030517578,68.41999816894531,70.5999984741211,2266595
2026-05-05,70.41000366210938,70.76000213623047,68.94999694824219,68.94999694824219,2364200
2026-05-06,71.94999694824219,72.94999694824219,71.47000122070312,71.83000183105469,2797200
2026-05-07,71.93000030517578,74.3499984741211,71.62000274658203,73.27999877929688,2575504
2026-05-08,71.73999786376953,72.69000244140625,71.06999969482422,72.22000122070312,2780800
2026-05-11,70.58999633789062,71.5999984741211,70.38999938964844,71.5999984741211,2577300
2026-05-12,69.80000305175781,71.52999877929688,69.13999938964844,70.9000015258789,3185000
2026-05-13,67.4800033569336,70.2249984741211,66.55999755859375,68.9800033569336,2907488
2026-05-14,68.26000213623047,68.81999969482422,67.55000305175781,68.33999633789062,3006700
2026-05-15,65.13999938964844,67.68000030517578,64.95999908447266,67.29000091552734,3435700
2026-05-18,65.52999877929688,66.52999877929688,65.33000183105469,65.55000305175781,1869400
2026-05-19,64.47000122070312,65.08000183105469,63.25,64.97000122070312,2647194
2026-05-20,66.68000030517578,67.0999984741211,63.970001220703125,64.2300033569336,2197500
2026-05-21,67.1500015258789,67.55000305175781,64.94000244140625,65.62000274658203,2322500
2026-05-22,67.26000213623047,67.6500015258789,66.25,66.91000366210938,1884276
